foundation	symocraft/foundation/diagnostics.h	header_foundation_symocraft_foundation_diagnostics_h
foundation	symocraft/foundation/document.h	header_foundation_symocraft_foundation_document_h
foundation	symocraft/foundation/files.h	header_foundation_symocraft_foundation_files_h
foundation	symocraft/foundation/math.h	header_foundation_symocraft_foundation_math_h
foundation	symocraft/foundation/memory.h	header_foundation_symocraft_foundation_memory_h
foundation	symocraft/foundation/types.h	header_foundation_symocraft_foundation_types_h
scene	symocraft/scene/camera.h	header_scene_symocraft_scene_camera_h
scene	symocraft/scene/mesh.h	header_scene_symocraft_scene_mesh_h
assets	symocraft/assets/asset_paths.h	header_assets_symocraft_assets_asset_paths_h
assets	symocraft/assets/image.h	header_assets_symocraft_assets_image_h
world	symocraft/world/benchmark_workload.h	header_world_symocraft_world_benchmark_workload_h
world	symocraft/world/block.h	header_world_symocraft_world_block_h
world	symocraft/world/chunk_manager.h	header_world_symocraft_world_chunk_manager_h
world	symocraft/world/constants.h	header_world_symocraft_world_constants_h
world	symocraft/world/generation.h	header_world_symocraft_world_generation_h
world	symocraft/world/test_scene.h	header_world_symocraft_world_test_scene_h
world	symocraft/world/world.h	header_world_symocraft_world_world_h
ecs	symocraft/ecs/registry.h	header_ecs_symocraft_ecs_registry_h
simulation	symocraft/simulation/camera.h	header_simulation_symocraft_simulation_camera_h
simulation	symocraft/simulation/character_system.h	header_simulation_symocraft_simulation_character_system_h
simulation	symocraft/simulation/component.h	header_simulation_symocraft_simulation_component_h
simulation	symocraft/simulation/physics_system.h	header_simulation_symocraft_simulation_physics_system_h
simulation	symocraft/simulation/player.h	header_simulation_symocraft_simulation_player_h
simulation	symocraft/simulation/player_math.h	header_simulation_symocraft_simulation_player_math_h
simulation	symocraft/simulation/playercontroller.h	header_simulation_symocraft_simulation_playercontroller_h
simulation	symocraft/simulation/transform_system.h	header_simulation_symocraft_simulation_transform_system_h
platform	symocraft/platform/key_snapshot.h	header_platform_symocraft_platform_key_snapshot_h
platform	symocraft/platform/process_memory.h	header_platform_symocraft_platform_process_memory_h
platform	symocraft/platform/window.h	header_platform_symocraft_platform_window_h
renderer	symocraft/renderer/gpu_timer.h	header_renderer_symocraft_renderer_gpu_timer_h
renderer	symocraft/renderer/render_stats.h	header_renderer_symocraft_renderer_render_stats_h
renderer	symocraft/renderer/renderer.h	header_renderer_symocraft_renderer_renderer_h
telemetry	symocraft/telemetry/document_io.h	header_telemetry_symocraft_telemetry_document_io_h
telemetry	symocraft/telemetry/performance.h	header_telemetry_symocraft_telemetry_performance_h
