original_path	original_sha256	current_path	status
CMakeLists.txt	DCBCD8B3B4D21C546FBAE41478E6801DE893142D04826525387A497FABFFD5AD	CMakeLists.txt	retained-path
game/CMakeLists.txt	8E2701677496A619720B5A3B6A9DA10A683735D14421F5257FB8A6592562000F	game/CMakeLists.txt	retained-path
cmake/RequiredAssets.cmake	3EC5AD0B63C69F732B58EF60AD4F84F7CC791ED987A6706B63C2EFF4210783AB	cmake/RequiredAssets.cmake	retained-path
cmake/StageAssets.cmake	F23553F5EA4FE215040D53D7F3B5D9EDC439FDB88237AC01AC5BCE7E66996D85	cmake/StageAssets.cmake	retained-path
cmake/ThirdPartyYaml.cmake	79CE1DED691EB5A53882D92DF2DF4BAD171CB99A385AB9B15E2E4F89EFD180B9	cmake/ThirdPartyYaml.cmake	retained-path
cmake/ValidateMsvcEnvironment.cmake	30BF7C2E2ABDEC17BC1CF265A84D72B45D0D5A85F47DD8F19EEF66AF0D5B671B	cmake/ValidateMsvcEnvironment.cmake	retained-path
cmake/windows-utf8.manifest	AE18E973EE276EE777CF40FA0CCF4C73E23EC0280D3ABD4BCA39F205145EBF9A	cmake/windows-utf8.manifest	retained-path
src/main.cpp	EABCD3943F1087F699BE169AAD4CF4159F453A99183A8AB34B908943BAC5946D	game/app/src/main.cpp	migrated-or-split
src/camera/Camera.cpp	2071883FE90EE21F09A0C4D712983D83D9B9CAED101DA3E8C2F9447A67905F51	game/modules/simulation/src/Camera.cpp	migrated-or-split
src/core/application.cpp	C95D63EF6D31BD24D6A12DFE20435BC3DC90A60129F1489BA34931CC0D991603	game/app/src/application.cpp	migrated-or-split
src/core/asset_paths.cpp	5F271085B5B1D4B4E40727076E5823109F5F7994B6A605C2F549216EC8D97840	game/modules/assets/src/asset_paths.cpp	migrated-or-split
src/core/global_thread_pool.cpp	8EA637A0E0EC076020DB25E30F28782FA77A87AF455EC6E5B9041E10EB91544A	game/app/legacy/thread_pool/global_thread_pool.cpp.disabled	retained-inactive
src/core/performance.cpp	3804699A1698D9FD5910558C36379D2B5A0C199EE6CBE8A1317BA2D017151FB6	game/modules/telemetry/src/performance.cpp	migrated-or-split
src/core/startup_options.cpp	E98BB3D672DA4AFD6D053FDE8A8A201A065C52FAF1326B487BDB59CBA9CF3D29	game/app/src/startup_options.cpp	migrated-or-split
src/core/window.cpp	76845455079D7DCC345C80AD778706957D5EA94643429C5172A044777A1362EE	game/modules/platform/src/window.cpp	migrated-or-split
src/core/ECS/internal.cpp	DF93D8A34BF4FE8437B00E60E45DA097496951009E9DDB234E0EC4EAA48AF7DE	game/modules/ecs/src/internal.cpp	migrated-or-split
src/core/ECS/registry.cpp	3896200F40C8F610C1EAFC06546F1101B3C1BBD586F07EFE007C18C989498BD5	game/modules/ecs/src/registry.cpp	migrated-or-split
src/core/ECS/Systems/character_system.cpp	272D5EB2CD484CCDB668ADACB49CEF42CFF6ABDEFEFA346400AE535F3ADB2257	game/modules/simulation/src/character_system.cpp	migrated-or-split
src/core/ECS/Systems/physics_system.cpp	3236BCBF2FCFC511A12DE57823841DB74D3178B5AF550894DD905069E649BB38	game/modules/simulation/src/physics_system.cpp	migrated-or-split
src/core/ECS/Systems/transform_system.cpp	6A298B6CA7D2E2D03EA4C97F3CECB4D99304FA3D9F52B333164A43C8EC30644B	game/modules/simulation/src/transform_system.cpp	migrated-or-split
src/event/event.cpp	10050F7160CC2BEC5933746B8BA3AE5758B9A1EBE39D7CE20662ACE920273C57	game/app/legacy/event/event.cpp.disabled	retained-inactive
src/input/input.cpp	83088F63301590BC8B416A8C64FBFBEAC5E96EA375C3F89F57A890EB082D5DF9	game/app/legacy/input/input.cpp.disabled	retained-inactive
src/input/key_bindings.cpp	D1CC6EBD9C0FBE6013E1B31A77DD2FBB227F0AC37EC5D6D0D657345CFF85DB87	game/app/legacy/input/key_bindings.cpp.disabled	retained-inactive
src/input/key_handler.cpp	DBAB8A0D5136EAF4215D107B8F7F4416F7A1E4624AD640CA59CE61D18EC5C2C9	game/app/legacy/input/key_handler.cpp.disabled	retained-inactive
src/playercontroller/playercontroller.cpp	FB49B3407074C5187FCE6212521DF948FD3247F81EDF9682A26133639DF3D44F	game/modules/simulation/src/playercontroller.cpp	migrated-or-split
src/renderer/gpu_timer.cpp	FAF2D99D1BD05555C183147D02A07593904168FC2F138C71D272B88C33097693	game/modules/renderer/src/gpu_timer.cpp	migrated-or-split
src/renderer/performance_memory.cpp	A7833025069D15AC39E91CDBA332E64B4DA3354A91D0470799E5B427791B5133	game/modules/renderer/src/performance_memory.cpp	migrated-or-split
src/renderer/renderer.cpp	A50B80B0E67EC339F9706C056AE7B99EC4037745A7CB84BDDB0831641AD27917	game/modules/renderer/src/renderer.cpp	migrated-or-split
src/renderer/shader_program.cpp	D7B0A51579A26A792F36DD860A035807FD18CE40D71723528280D7B2C6E85E1B	game/modules/renderer/src/shader_program.cpp	migrated-or-split
src/renderer/shader.cpp	0D5AF57A5FAA5FD373797F85C67C1692C2EE5473DA7B735F9DDC56A4348B4D4A	game/modules/renderer/src/shader.cpp	migrated-or-split
src/renderer/texture.cpp	8D141B875A7170CEA03029297C6EC3936FCCF93546D2E38277EEF0CDAB4EAD4A	game/modules/renderer/src/texture.cpp	migrated-or-split
src/world/block.cpp	51C654E7FF0902F4B0BE96A947D19656FA226DC886D47544969DF9B9582248AC	game/modules/world/src/block.cpp	migrated-or-split
src/world/chunk_manager.cpp	A4F3DC5420A5B792F461668BDE56A56CFEB97950DE9480D084670170D8AC0DEA	game/modules/world/src/chunk_manager.cpp	migrated-or-split
src/world/chunk.cpp	36A8691E88F8BE13012BB3E5BA605FA0CDDEA098371CA92A559737FDB1406B4B	game/modules/world/src/chunk.cpp	migrated-or-split
src/world/generation.cpp	3067861F2608D05980D4D7BBD19A260107B1D84DB0E94286ADA6F8E171E9D143	game/modules/world/src/generation.cpp	migrated-or-split
src/world/test_scene.cpp	1BF590B63BCB6AFE53525F8CD7E1164B0E14BDA0907DDA57F7340A6A08F099AA	game/modules/world/src/test_scene.cpp	migrated-or-split
src/world/world_coordinates.cpp	04E0890B5771E94C9FA53A8FD506BE0875085470E247BF25A42B61882685D037	game/modules/world/src/world_coordinates.cpp	migrated-or-split
src/world/world.cpp	A027157AA27EC8B8241ED8548C9A521AE8CBD52E2B40129BCC772939DA5ED57D	game/modules/simulation/src/player.cpp	migrated-or-split
include/core.h	370845D3B4459D786666DDBEA5256CE8D8417EEE5EF7E2FDCF8C4B6A84486C0A	game/app/legacy/aggregate/core.h.disabled	retained-inactive
include/camera/camera.h	EBF5B8F0B6108A41A1FAD281CC12E93A24D2CB2A7CCD745655CA1E1A3AF7F4EA	game/modules/simulation/include/symocraft/simulation/camera.h	migrated-or-split
include/core/application.h	5A6160A4387FE45ABCCA8EBAF740B28A07584A6E5F68E41BC83B3527070E4EB9	game/app/src/application.h	migrated-or-split
include/core/asset_paths.h	731E890D0EC90BC92D4904CED83667EF73B03D40A7E57FA150B14911A48AE0C9	game/modules/assets/include/symocraft/assets/asset_paths.h	migrated-or-split
include/core/constants.h	A71A34AC2926010AA26DE30CE1CA04CB89EC73AC74B9B410927D927BD95ADE68	game/modules/world/include/symocraft/world/constants.h	migrated-or-split
include/core/global_thread_pool.h	1B1F335F342B031AA69F97521B65371C08D0F302D880235A711A098FB45952DC	game/app/legacy/thread_pool/global_thread_pool.h.disabled	retained-inactive
include/core/performance.h	ADDE21915EA74775A8E0220CB4C12ED78DB852149AC6B473F39F4E8BEF43F177	game/modules/telemetry/include/symocraft/telemetry/performance.h	migrated-or-split
include/core/pool.hpp	C60C11D1E1EB67279FD55136A847838773222FAA504990145A69953E58D0DF39	game/app/legacy/thread_pool/pool.hpp.disabled	retained-inactive
include/core/startup_options.h	57280F7BC96160F91E75016C12571683ACF011755D456B9025DB1840C3B797C4	game/app/src/startup_options.h	migrated-or-split
include/core/utils.h	E8F512E032F067D81E66FC552BECC84DBE2D3CA1F4C9CFE8F4CF34988188573A	game/app/legacy/aggregate/utils.h.disabled	retained-inactive
include/core/window.h	450F51ABD33107FD3984DA91B36D53FCBA03958A8CF29DDF00462EA57E19D219	game/modules/platform/include/symocraft/platform/window.h	migrated-or-split
include/core/ECS/component_container.h	34BD4B08B42B03E2AA0B5496EC7F1EF7045509EB8CEDDD241E38D8A7BC0A16C4	game/modules/ecs/src/component_container.h	migrated-or-split
include/core/ECS/component.h	08FBB4878BB439327223F5644723329B7A1389450A0E2D0907B07FF058F78C8A	game/modules/simulation/include/symocraft/simulation/component.h	migrated-or-split
include/core/ECS/internal.h	E691B5441CEDAFAC165BB3CA1F6617C64731ABA9F087AFB7B56CA9B87F2BD803	game/modules/ecs/src/internal.h	migrated-or-split
include/core/ECS/registry.h	6814DF3810F094F2FD3D616B9ED5D1CC5C74838EE2DE0C0547841F6B53C1C54C	game/modules/ecs/include/symocraft/ecs/registry.h	migrated-or-split
include/core/ECS/Systems/character_system.h	006F12FE4AD22A8480C9B1D12999DB34E1E22736FA60D2D31AFEF2834EDF8C16	game/modules/simulation/include/symocraft/simulation/character_system.h	migrated-or-split
include/core/ECS/Systems/physics_system.h	FC57BC1176AD0429E7AF49D585778B22D0ADA2A89983E64FE070D87E3A3CF794	game/modules/simulation/include/symocraft/simulation/physics_system.h	migrated-or-split
include/core/ECS/Systems/transform_system.h	1DC853FA94FF5536E72016EAC20A0E022EB66DB0D045E7183DE7C075FED8B6EF	game/modules/simulation/include/symocraft/simulation/transform_system.h	migrated-or-split
include/event/event.h	2F17242A2F83A1CB7972E898B2DF75BD593836C5E1C5B3D4748A9CB70F4D0250	game/app/legacy/event/event.h.disabled	retained-inactive
include/input/input.h	69E1326E40C6853933AD15BA53E616827D80EC5BF0EB92B0E688F617DA1671CD	game/app/legacy/input/input.h.disabled	retained-inactive
include/input/key_bindings.h	2AD22F5497FE9C4D8929963CB87C0EFB3A6DC0E820726D1D7B35225235C4CBCC	game/app/legacy/input/key_bindings.h.disabled	retained-inactive
include/input/key_handler.h	F3F6C0933C3096F3DB46B7FC8BA4C68EAD90D4939F9A66FF8794949EE305CA6B	game/app/legacy/input/key_handler.h.disabled	retained-inactive
include/input/key_snapshot.h	24E66CD938586BE44D2CFC2C270F353AC91E823C9EDB5638B12C8CF43C87D991	game/modules/platform/include/symocraft/platform/key_snapshot.h	migrated-or-split
include/MemoryAllocator/AmoBase.cpp	00CED729834C50031C17095986F8C08D62DE22C8FBCEA3F8AE4D1C239E5A5730	game/modules/foundation/src/legacy/AmoBase.cpp	migrated-or-split
include/MemoryAllocator/AmoBase.h	9B65B765F5BE556810B2225A861AF33BF1712C74C2CEECB5FB69C7D9D40A70DB	game/modules/foundation/src/legacy/AmoBase.h	migrated-or-split
include/MemoryAllocator/MemoryHelper.h	50C6F0FC777FCE852EF62BE4111251DF8FE8E4CBD1422E92F3E744EBB3A1F165	game/modules/ecs/src/legacy/MemoryHelper.h	migrated-or-split
include/MemoryAllocator/RawMemory.h	2C8D54A77FC5386D516A7C0AD1AF31A04F97980253BB4CC7C8BE00D91E273360	game/modules/ecs/src/legacy/RawMemory.h	migrated-or-split
include/playercontroller/player_math.h	251F6F22101A94B1573D75D598B2F6AA8D5404503C2FB51A2D07F4B8BF8DB4D2	game/modules/simulation/include/symocraft/simulation/player_math.h	migrated-or-split
include/playercontroller/playercontroller.h	3CD4EFB28A6211BF12621B9A91CF395556C40A6DF40BED33DA91FC346EEF12A3	game/modules/simulation/include/symocraft/simulation/playercontroller.h	migrated-or-split
include/renderer/batch.hpp	F7A5B8D73C7B8195FBE7AF12271AF72397D3319FCB0DF5AFE60FEF7456B3DB6A	game/modules/renderer/src/batch.hpp	migrated-or-split
include/renderer/gpu_timer.h	493208D4515781B9B257AC8FE70AA5870C06E3124982EE9D06EB98DDA6C20564	game/modules/renderer/include/symocraft/renderer/gpu_timer.h	migrated-or-split
include/renderer/performance_memory.h	FF231C383279A56F4AEF7FCD1EF18BD63820BE135C855EA5CD9995493B1226C8	game/modules/renderer/include/symocraft/renderer/renderer.h;game/modules/platform/include/symocraft/platform/process_memory.h	migrated-or-split
include/renderer/render_stats.h	61F860CE468E4876BCAE2C2F98BE1406B2E47DE838D93B4CA0C7A271E72089F1	game/modules/renderer/include/symocraft/renderer/render_stats.h	migrated-or-split
include/renderer/renderer.h	DC8000EB4E50730FFE1CFA96195C43611CE5EABAAAFC6A41C7C1CCDFEC59A7CF	game/modules/renderer/include/symocraft/renderer/renderer.h	migrated-or-split
include/renderer/shader_program.h	D8304DE0C26B61AD2EE270FE29AE9BC96A16C8A2683D5301DD384F776CD6BF77	game/modules/renderer/src/shader_program.h	migrated-or-split
include/renderer/shader.h	0616E8C37AA11609A6A18DD537A993D65D98452BF6C1D576D7540C8EB5B06133	game/modules/renderer/src/shader.h	migrated-or-split
include/renderer/texture.h	26CD66A014AA75162A62FC3A415BE10029EF78AA7F41838F6782423111E05902	game/modules/renderer/src/texture.h	migrated-or-split
include/world/benchmark_workload.h	CA0186529FB02405C808952D4C3789D300BE7992DC885EA5ECB3EAB52AF6C589	game/modules/world/include/symocraft/world/benchmark_workload.h	migrated-or-split
include/world/block.h	C529482E02F113F0A13A17FE2CE4EDA2E0F592EB5E1E43F074120F29707580F3	game/modules/world/include/symocraft/world/block.h	migrated-or-split
include/world/chunk_manager.h	DE71E180A0F8F8EAA07850C938B33131FDCDEAE7E3CCB09A4EA6E258753A82B1	game/modules/world/include/symocraft/world/chunk_manager.h	migrated-or-split
include/world/chunk.h	24288CDF8D1EFEF991B81074EE2B101390118C74A2D9299354A2A3A572D7C10B	game/modules/world/src/chunk.h	migrated-or-split
include/world/generation.h	F4E1DDCB40872D68FAC8A0850AA8E7F978B70395CAA2F4FA9E1BFA0B4135F56D	game/modules/world/include/symocraft/world/generation.h	migrated-or-split
include/world/test_scene.h	8359F99FFEB2E6961448876B1123C4D129E88336D578B688FA40CB63BDF31051	game/modules/world/include/symocraft/world/test_scene.h	migrated-or-split
include/world/world.h	088FAD86B9F8C1E17B60AE0BE890404D1C8BE9B1814B1BADC1CD90B3532C8AA4	game/modules/world/include/symocraft/world/world.h	migrated-or-split
tests/asset_paths_tests.cpp	C5BAF6050F133B4C65B87734C53F13D6BDF02DFD85CA2CC478D0B45C1D817473	test/unit/assets/asset_paths_tests.cpp	migrated-or-split
tests/batch_safety_tests.cpp	2C8972575B530B481998192D7E591C074F4262055FA76B3B34720C4934A249B4	test/unit/renderer/batch_safety_tests.cpp	migrated-or-split
tests/benchmark_process_fixture.cpp	34C40AEBD1ABA42AA610619E3C48C78469C0DE574CB91D735B7E3794DC0E77E3	test/support/benchmark_process_fixture.cpp	migrated-or-split
tests/benchmark_script_tests.ps1	9A11796E922A661225630CA2AE8DA98003485192444848ECED55D41894EB8CB3	test/benchmark/benchmark_script_tests.ps1	migrated-or-split
tests/block_config_tests.cpp	500D4CCC214904BFF20BD434D879B61B1A758A9D018453E329DA25043A14F1F6	test/unit/world/block_config_tests.cpp	migrated-or-split
tests/CheckAssetPackage.cmake	4BF410CFAA3985DC80A8BAEA945F5A1E2DFE2104859DBDF6852616729DAB33E4	test/integration/CheckAssetPackage.cmake	migrated-or-split
tests/CheckWorldSummary.cmake	9742DBFBB41DB6946D514417E67CD6A239A2C65B5F361507F4DDD3681A5D5434	test/integration/CheckWorldSummary.cmake	migrated-or-split
tests/CMakeLists.txt	4D53CC7CFA68FC21881673350F64153DCB8F8A3515A5DC32ED89B09F51CC196B	test/CMakeLists.txt	migrated-or-split
tests/gpu_timer_tests.cpp	23D1C41261187884F8BD8B80D06C834EB8D736C2BF817EBC1B6298A933A43A00	test/unit/renderer/gpu_timer_tests.cpp	migrated-or-split
tests/key_snapshot_tests.cpp	50E4F52EDE0A90E285D0A43CDF3E013E5B02AE59A75EECEA535692B062CC52C9	test/unit/platform/key_snapshot_tests.cpp	migrated-or-split
tests/mesh_safety_tests.cpp	0D10622DE2DECF257C8FEADF825B6558D52899263CCB153B06C1AABCE253034C	test/unit/world/mesh_safety_tests.cpp	migrated-or-split
tests/performance_tests.cpp	2B604819D9A39D5651968940D6720B5084FCA14581DAB30ABF7992037675A673	test/unit/telemetry/performance_tests.cpp	migrated-or-split
tests/player_math_tests.cpp	C8D1991BEE0204D8C7A17DD9F3E81793C460481FE4D47F36B857FB02526A5B1A	test/unit/simulation/player_math_tests.cpp	migrated-or-split
tests/shader_loading_tests.cpp	A562562CF187AA7B00DAE300CBF71EF0179965238B9B12C99F93A1A859326426	test/unit/renderer/shader_loading_tests.cpp	migrated-or-split
tests/startup_options_tests.cpp	FAC2165C2E2482A078B61DCE2CC663AE49CC6B3689231E71584BEC3DA2274CAB	test/unit/app/startup_options_tests.cpp	migrated-or-split
tests/world_generation_tests.cpp	AD299B8AECBEA36AF38FE357FB8DB0D3A04B0546311904F31F95AFEE0CBDCFD6	test/unit/world/world_generation_tests.cpp	migrated-or-split
tools/benchmark/CMakeLists.txt	2CEF117F267C4AA148418EFF3B8DC2D4FB3F1ECEA59377C19D4E90F751050751	tools/benchmark/CMakeLists.txt	retained-path
tools/benchmark/runner.manifest	5798154309B2D46FB6C3649688C34E65AD508E9DA904AB32E0C2FD710B49A48D	tools/benchmark/runner.manifest	retained-path
tools/benchmark/include/benchmark/runner.h	49E29B4A871BE56AFDAD22DD690E794456DD51E490605300849DC38DC3DE4216	tools/benchmark/include/benchmark/runner.h	retained-path
tools/benchmark/src/gui.cpp	B76239A050FB45D46EF9AA389E7E8BEDBD3C9AB3EDF34ADA16C8D406EBC9BF06	tools/benchmark/src/gui.cpp	retained-path
tools/benchmark/src/gui.h	80A726705081284212C921D7671EB0695BEE35258CE161006955E259B6E68289	tools/benchmark/src/gui.h	retained-path
tools/benchmark/src/main.cpp	713C777D303646EB6B9F80BDEC6933AC811644632DCCE34B9B156DDAD32C427D	tools/benchmark/src/main.cpp	retained-path
tools/benchmark/src/platform.cpp	5E997CDA75677155ED66375070524F1830D04EF71FDCE1710E4F55814C072A07	tools/benchmark/src/platform.cpp	retained-path
tools/benchmark/src/platform.h	E127DC2FFB4B095DCD54BE2B3C39C89AC887D22774C145F1170C5BE57D7FD313	tools/benchmark/src/platform.h	retained-path
tools/benchmark/src/runner.cpp	89F390FC14C24B9275C58607935B3BBA32B258A96A384C6E2AE0B787A0282A40	tools/benchmark/src/runner.cpp	retained-path
tools/benchmark/tests/CMakeLists.txt	A103FB42D42F9C5D351462BBB858145918EC17B75E4238339DE56F5D305BD36D	test/benchmark/CMakeLists.txt	migrated-or-split
tools/benchmark/tests/fixture.cpp	E5582728793CE3D1AD89C6BD8C46D7831FD4D2FB33CE8024B45D85A85594F335	test/support/benchmark_fixture.cpp	migrated-or-split
tools/benchmark/tests/runner_tests.cpp	38C3DE3259E011242652B220FFAECBFC53265E36AB133CCD799D1B83F9051593	test/benchmark/runner_tests.cpp	migrated-or-split
tools/benchmark/tests/verify-boundaries.cmake	E223FE42EA7ABF72D4F6C8B2AB1339EDCFB2C44D26B749514D703A03C5F3E132	test/integration/verify-tool-boundaries.cmake	migrated-or-split
CMakePresets.json	6342FAFF6447E8E243DD9809B1C377EB9A8F86EDACCA14D421ECE92AE2C27017	CMakePresets.json	retained-path

