target	property	dependency	raw_reference
symocraft_glad	LINK_LIBRARIES	symocraft_glad_headers	symocraft_glad_headers
symocraft_glad	INTERFACE_LINK_LIBRARIES	symocraft_glad_headers	symocraft_glad_headers
symocraft_foundation	LINK_LIBRARIES	symocraft_math	symocraft_math
symocraft_foundation	INTERFACE_LINK_LIBRARIES	symocraft_math	symocraft_math
symocraft_scene	INTERFACE_LINK_LIBRARIES	symocraft_foundation	symocraft_foundation
symocraft_assets	LINK_LIBRARIES	symocraft_foundation	symocraft_foundation
symocraft_assets	LINK_LIBRARIES	symocraft_image_decoder	symocraft_image_decoder
symocraft_assets	INTERFACE_LINK_LIBRARIES	symocraft_foundation	symocraft_foundation
symocraft_assets	INTERFACE_LINK_LIBRARIES	symocraft_image_decoder	$<LINK_ONLY:symocraft_image_decoder>
symocraft_ecs	LINK_LIBRARIES	symocraft_foundation	symocraft_foundation
symocraft_ecs	INTERFACE_LINK_LIBRARIES	symocraft_foundation	symocraft_foundation
symocraft_world	LINK_LIBRARIES	symocraft_foundation	symocraft_foundation
symocraft_world	LINK_LIBRARIES	symocraft_scene	symocraft_scene
symocraft_world	LINK_LIBRARIES	symocraft_yaml	symocraft_yaml
symocraft_world	LINK_LIBRARIES	symocraft_noise	symocraft_noise
symocraft_world	INTERFACE_LINK_LIBRARIES	symocraft_foundation	symocraft_foundation
symocraft_world	INTERFACE_LINK_LIBRARIES	symocraft_scene	symocraft_scene
symocraft_world	INTERFACE_LINK_LIBRARIES	symocraft_yaml	$<LINK_ONLY:symocraft_yaml>
symocraft_world	INTERFACE_LINK_LIBRARIES	symocraft_noise	$<LINK_ONLY:symocraft_noise>
symocraft_simulation	LINK_LIBRARIES	symocraft_foundation	symocraft_foundation
symocraft_simulation	LINK_LIBRARIES	symocraft_scene	symocraft_scene
symocraft_simulation	LINK_LIBRARIES	symocraft_ecs	symocraft_ecs
symocraft_simulation	LINK_LIBRARIES	symocraft_world	symocraft_world
symocraft_simulation	INTERFACE_LINK_LIBRARIES	symocraft_foundation	symocraft_foundation
symocraft_simulation	INTERFACE_LINK_LIBRARIES	symocraft_scene	symocraft_scene
symocraft_simulation	INTERFACE_LINK_LIBRARIES	symocraft_ecs	symocraft_ecs
symocraft_simulation	INTERFACE_LINK_LIBRARIES	symocraft_world	symocraft_world
symocraft_telemetry	LINK_LIBRARIES	symocraft_foundation	symocraft_foundation
symocraft_telemetry	LINK_LIBRARIES	symocraft_yaml	symocraft_yaml
symocraft_telemetry	INTERFACE_LINK_LIBRARIES	symocraft_foundation	symocraft_foundation
symocraft_telemetry	INTERFACE_LINK_LIBRARIES	symocraft_yaml	$<LINK_ONLY:symocraft_yaml>
symocraft_platform	LINK_LIBRARIES	symocraft_foundation	symocraft_foundation
symocraft_platform	LINK_LIBRARIES	glfw	glfw
symocraft_platform	INTERFACE_LINK_LIBRARIES	symocraft_foundation	symocraft_foundation
symocraft_platform	INTERFACE_LINK_LIBRARIES	glfw	$<LINK_ONLY:glfw>
symocraft_renderer	LINK_LIBRARIES	symocraft_foundation	symocraft_foundation
symocraft_renderer	LINK_LIBRARIES	symocraft_scene	symocraft_scene
symocraft_renderer	LINK_LIBRARIES	symocraft_assets	symocraft_assets
symocraft_renderer	LINK_LIBRARIES	symocraft_platform	symocraft_platform
symocraft_renderer	LINK_LIBRARIES	symocraft_glad	symocraft_glad
symocraft_renderer	LINK_LIBRARIES	symocraft_stb_headers	symocraft_stb_headers
symocraft_renderer	LINK_LIBRARIES	symocraft_robin_hood	symocraft_robin_hood
symocraft_renderer	INTERFACE_LINK_LIBRARIES	symocraft_foundation	symocraft_foundation
symocraft_renderer	INTERFACE_LINK_LIBRARIES	symocraft_scene	symocraft_scene
symocraft_renderer	INTERFACE_LINK_LIBRARIES	symocraft_assets	$<LINK_ONLY:symocraft_assets>
symocraft_renderer	INTERFACE_LINK_LIBRARIES	symocraft_platform	$<LINK_ONLY:symocraft_platform>
symocraft_renderer	INTERFACE_LINK_LIBRARIES	symocraft_glad	$<LINK_ONLY:symocraft_glad>
symocraft_renderer	INTERFACE_LINK_LIBRARIES	symocraft_stb_headers	$<LINK_ONLY:symocraft_stb_headers>
symocraft_renderer	INTERFACE_LINK_LIBRARIES	symocraft_robin_hood	$<LINK_ONLY:symocraft_robin_hood>
SymoCraft	LINK_LIBRARIES	symocraft_startup	symocraft_startup
SymoCraft	LINK_LIBRARIES	symocraft_foundation	symocraft_foundation
SymoCraft	LINK_LIBRARIES	symocraft_scene	symocraft_scene
SymoCraft	LINK_LIBRARIES	symocraft_assets	symocraft_assets
SymoCraft	LINK_LIBRARIES	symocraft_ecs	symocraft_ecs
SymoCraft	LINK_LIBRARIES	symocraft_world	symocraft_world
SymoCraft	LINK_LIBRARIES	symocraft_simulation	symocraft_simulation
SymoCraft	LINK_LIBRARIES	symocraft_platform	symocraft_platform
SymoCraft	LINK_LIBRARIES	symocraft_renderer	symocraft_renderer
SymoCraft	LINK_LIBRARIES	symocraft_telemetry	symocraft_telemetry
benchmark_core	LINK_LIBRARIES	symocraft_yaml	symocraft_yaml
benchmark_core	INTERFACE_LINK_LIBRARIES	symocraft_yaml	symocraft_yaml
SymoCraftBenchmark	LINK_LIBRARIES	benchmark_core	benchmark_core
