target	type	file
symocraft_foundation	STATIC_LIBRARY	game/modules/foundation/src/document.cpp
symocraft_foundation	STATIC_LIBRARY	game/modules/foundation/src/files.cpp
symocraft_foundation	STATIC_LIBRARY	game/modules/foundation/src/legacy/AmoBase.cpp
symocraft_assets	STATIC_LIBRARY	game/modules/assets/src/asset_paths.cpp
symocraft_assets	STATIC_LIBRARY	game/modules/assets/src/image.cpp
symocraft_ecs	STATIC_LIBRARY	game/modules/ecs/src/registry.cpp
symocraft_ecs	STATIC_LIBRARY	game/modules/ecs/src/internal.cpp
symocraft_world	STATIC_LIBRARY	game/modules/world/src/block.cpp
symocraft_world	STATIC_LIBRARY	game/modules/world/src/chunk.cpp
symocraft_world	STATIC_LIBRARY	game/modules/world/src/world.cpp
symocraft_world	STATIC_LIBRARY	game/modules/world/src/chunk_mesher.cpp
symocraft_world	STATIC_LIBRARY	game/modules/world/src/generation.cpp
symocraft_world	STATIC_LIBRARY	game/modules/world/src/test_scene.cpp
symocraft_world	STATIC_LIBRARY	game/modules/world/src/world_coordinates.cpp
symocraft_simulation	STATIC_LIBRARY	game/modules/simulation/src/Camera.cpp
symocraft_simulation	STATIC_LIBRARY	game/modules/simulation/src/character_system.cpp
symocraft_simulation	STATIC_LIBRARY	game/modules/simulation/src/physics_system.cpp
symocraft_simulation	STATIC_LIBRARY	game/modules/simulation/src/player.cpp
symocraft_simulation	STATIC_LIBRARY	game/modules/simulation/src/playercontroller.cpp
symocraft_simulation	STATIC_LIBRARY	game/modules/simulation/src/transform_system.cpp
symocraft_telemetry	STATIC_LIBRARY	game/modules/telemetry/src/performance.cpp
symocraft_telemetry	STATIC_LIBRARY	game/modules/telemetry/src/document_io.cpp
symocraft_platform	STATIC_LIBRARY	game/modules/platform/src/window.cpp
symocraft_platform	STATIC_LIBRARY	game/modules/platform/src/process_memory.cpp
symocraft_renderer	STATIC_LIBRARY	game/modules/renderer/src/renderer.cpp
symocraft_renderer	STATIC_LIBRARY	game/modules/renderer/src/shader.cpp
symocraft_renderer	STATIC_LIBRARY	game/modules/renderer/src/shader_program.cpp
symocraft_renderer	STATIC_LIBRARY	game/modules/renderer/src/texture.cpp
symocraft_renderer	STATIC_LIBRARY	game/modules/renderer/src/gpu_timer.cpp
symocraft_renderer	STATIC_LIBRARY	game/modules/renderer/src/performance_memory.cpp
symocraft_startup	STATIC_LIBRARY	game/app/src/startup_options.cpp
SymoCraft	EXECUTABLE	game/app/src/main.cpp
SymoCraft	EXECUTABLE	game/app/src/application.cpp
benchmark_core	STATIC_LIBRARY	tools/benchmark/src/platform.cpp
benchmark_core	STATIC_LIBRARY	tools/benchmark/src/runner.cpp
SymoCraftBenchmark	EXECUTABLE	tools/benchmark/src/main.cpp
SymoCraftBenchmark	EXECUTABLE	tools/benchmark/src/gui.cpp
